,VTI_value,cierre_anterior,pct_change_1d,pct_change_5d,pct_change_10d,TPM_value,TPM_var,TDES_value,TDES_var,IPC_value,IPC_var,PIB_value,PIB_var,BC_value,BC_var
2022-11-08,191.66,,,,,3.83,0.0,3.5766666666666667,-0.093,298689.4666666667,0.004,26750347.347826086,0.015,-65583.86666666667,0.386
2022-11-09,187.53,191.66,-2.1548575602629683,,,3.83,0.0,3.5733333333333333,-0.093,298702.5333333333,0.004,26754461.804347824,0.015,-65836.13333333333,0.385
2022-11-10,198.14,187.53,5.657761424838692,,,3.83,0.0,3.5700000000000003,-0.093,298715.6,0.004,26758576.260869566,0.015,-66088.4,0.383
2022-11-11,200.16,198.14,1.0194811749268284,,,3.83,0.0,3.566666666666667,-0.093,298728.6666666667,0.004,26762690.717391305,0.015,-66340.66666666667,0.382
2022-11-14,198.35,200.16,-0.9042765787370066,,,3.83,0.0,3.5566666666666666,-0.094,298767.86666666664,0.004,26775034.086956523,0.015,-67097.46666666666,0.377
2022-11-15,200.36,198.35,1.0133602218301174,4.53928832307211,,3.83,0.0,3.5533333333333332,-0.094,298780.93333333335,0.004,26779148.54347826,0.015,-67349.73333333334,0.376
2022-11-16,198.32,200.36,-1.0181672988620605,5.753746067295884,,3.83,0.0,3.55,-0.094,298794.0,0.004,26783263.0,0.015,-67602.0,0.375
2022-11-17,197.49,198.32,-0.4185155304558208,-0.3280508731200005,,3.83,0.0,3.546666666666667,-0.094,298807.06666666665,0.004,26787377.45652174,0.015,-67854.26666666666,0.373
2022-11-18,198.42,197.49,0.4709099194895927,-0.8693045563549218,,3.83,0.0,3.5433333333333334,-0.094,298820.13333333336,0.004,26791491.913043477,0.015,-68106.53333333334,0.372
2022-11-21,197.58,198.42,-0.4233444209252979,-0.38820267204435766,,3.83,0.0,3.533333333333333,-0.094,298859.3333333333,0.004,26803835.282608695,0.015,-68863.33333333333,0.368
2022-11-22,200.17,197.58,1.3108614232209659,-0.09482930724696859,4.440154440154442,3.83,0.0,3.5300000000000002,-0.094,298872.4,0.004,26807949.739130434,0.015,-69115.6,0.366
2022-11-23,201.39,200.17,0.609481940350709,1.5480032271077082,7.390817469204913,3.83,0.0,3.526666666666667,-0.094,298885.4666666667,0.004,26812064.195652176,0.015,-69367.86666666667,0.365
2022-11-25,201.54,201.39,0.07448234768359097,2.050736746164361,1.7159584132431682,3.83,0.0,3.52,-0.095,298911.6,0.004,26820293.108695652,0.015,-69872.4,0.362
2022-11-28,198.27,201.54,-1.6225066984221437,-0.07559721802236075,-0.9442446043165353,3.83,0.0,3.51,-0.095,298950.8,0.004,26832636.47826087,0.015,-70629.2,0.358
2022-11-29,197.96,198.27,-0.15635244868109632,0.19232715861929872,-0.19662213259389327,3.83,0.0,3.506666666666667,-0.095,298963.86666666664,0.004,26836750.93478261,0.015,-70881.46666666667,0.357
2022-11-30,204.06,197.96,3.081430592038803,1.9433481540690467,1.8466759832301838,3.83,0.0,3.5033333333333334,-0.095,298976.93333333335,0.004,26840865.391304348,0.015,-71133.73333333334,0.356
2022-12-01,204.18,204.06,0.05880623346075087,1.3853716669149474,2.954820492133936,3.83,0.0,3.5,-0.095,298990.0,0.004,26844979.847826086,0.015,-71386.0,0.35500000000000004
2022-12-02,203.99,204.18,-0.09305514741894116,1.2156395752704219,3.29130588890576,3.83,0.0,3.496774193548387,-0.092,299039.87096774194,0.017,26849094.304347824,0.015,-71366.32258064517,-0.027999999999999997
2022-12-05,199.98,203.99,-1.9657826364037567,0.8624602814343962,0.7862110674327294,3.83,0.0,3.4870967741935486,-0.092,299189.48387096776,0.017,26861437.673913043,0.015,-71307.29032258065,-0.027999999999999997
2022-12-06,196.98,199.98,-1.5001500150015001,-0.4950495049505066,-0.303674460977843,3.83,0.0,3.4838709677419355,-0.093,299239.3548387097,0.017,26865552.13043478,0.015,-71287.6129032258,-0.027999999999999997
2022-12-07,196.66,196.98,-0.16245304091785373,-3.626384396746063,-1.753509516910623,3.83,0.0,3.4806451612903224,-0.093,299289.22580645164,0.017,26869666.586956523,0.015,-71267.93548387097,-0.027999999999999997
2022-12-08,198.36,196.66,0.8644360825790898,-2.8504260946223936,-1.5045434232086818,3.83,0.0,3.47741935483871,-0.093,299339.0967741936,0.017,26873781.04347826,0.015,-71248.25806451614,-0.027999999999999997
2022-12-09,196.7,198.36,-0.8368622706190876,-3.5737045933624256,-2.4015083854321717,3.83,0.0,3.4741935483870967,-0.093,299388.96774193546,0.017,26877895.5,0.015,-71228.58064516129,-0.027999999999999997
2022-12-12,199.53,196.7,1.4387391967463303,-0.22502250225021614,0.6354970494779844,3.83,0.0,3.464516129032258,-0.093,299538.5806451613,0.017,26890238.86956522,0.015,-71169.54838709677,-0.027999999999999997
2022-12-13,201.02,199.53,0.7467548739537921,2.0509696415879963,1.545766821580119,3.83,0.0,3.4612903225806453,-0.093,299588.4516129032,0.017,26894353.326086957,0.015,-71149.87096774194,-0.027999999999999997
2022-12-14,199.9,201.02,-0.5571584916923666,1.6475134750330467,-2.0386160933058894,3.83,0.0,3.458064516129032,-0.093,299638.32258064515,0.017,26898467.782608695,0.015,-71130.19354838709,-0.027999999999999997
2022-12-15,194.92,199.9,-2.491245622811411,-1.734220608993764,-4.535214026839074,4.33,13.055,3.454838709677419,-0.093,299688.1935483871,0.017,26902582.239130434,0.015,-71110.51612903226,-0.027999999999999997
2022-12-16,192.69,194.92,-1.1440591011697032,-2.0386375190645567,-5.539487229766172,4.33,0.0,3.4516129032258065,-0.093,299738.06451612903,0.017,26906696.695652176,0.015,-71090.83870967742,-0.027999999999999997
2022-12-19,190.75,192.69,-1.0067984846125921,-4.400340800882074,-4.615461546154609,4.33,0.0,3.4419354838709677,-0.094,299887.67741935485,0.017,26919040.06521739,0.015,-71031.80645161291,-0.027999999999999997
2022-12-20,191.15,190.75,0.20969855832242423,-4.909959208039005,-2.959691339222248,4.33,0.0,3.4387096774193546,-0.094,299937.5483870968,0.017,26923154.52173913,0.015,-71012.12903225806,-0.027999999999999997
2022-12-21,194.04,191.15,1.5119016479204772,-2.931465732866445,-1.3322485507983317,4.33,0.0,3.435483870967742,-0.094,299987.4193548387,0.017,26927268.97826087,0.015,-70992.45161290323,-0.027999999999999997
2022-12-22,190.37,194.04,-1.8913626056483168,-2.334290991175858,-4.028029844726766,4.33,0.0,3.432258064516129,-0.094,300037.29032258067,0.017,26931383.43478261,0.015,-70972.7741935484,-0.027999999999999997
2022-12-23,191.42,190.37,0.5515574933025125,-0.6590897296175235,-2.684290798169797,4.33,0.0,3.429032258064516,-0.094,300087.1612903226,0.017,26935497.891304348,0.015,-70953.09677419355,-0.027999999999999997
2022-12-27,190.62,191.42,-0.41792916100720223,-0.06815203145478232,-4.465493910690121,4.33,0.0,3.4161290322580644,-0.094,300286.6451612903,0.017,26951955.717391305,0.015,-70874.3870967742,-0.027999999999999997
2022-12-28,188.22,190.62,-1.2590494176896505,-1.5328276222861703,-6.367525619341363,4.33,0.0,3.4129032258064513,-0.094,300336.51612903224,0.017,26956070.173913043,0.015,-70854.70967741935,-0.027999999999999997
2022-12-29,191.68,188.22,1.8382743597917361,-1.2162440733869184,-4.112056028014011,4.33,0.0,3.4096774193548387,-0.095,300386.3870967742,0.017,26960184.63043478,0.015,-70835.03225806452,-0.027999999999999997
2022-12-30,191.19,191.68,-0.25563439065109383,0.43074013762671726,-1.9136055817771336,4.33,0.0,3.4064516129032256,-0.095,300436.2580645161,0.017,26964299.086956523,0.015,-70815.35483870968,-0.027999999999999997
2023-01-03,190.41,191.19,-0.40797112819708214,-0.5276355657716003,-1.1832477035653155,4.33,0.0,3.4129032258064513,0.189,300607.7419354839,0.012,26978385.155555554,0.011000000000000001,-70765.87096774194,-0.006999999999999999
2023-01-04,192.1,190.41,0.8875584265532366,0.7764138075752713,0.7077326343381429,4.33,0.0,3.4193548387096775,0.189,300643.6129032258,0.012,26981313.733333334,0.011000000000000001,-70760.80645161291,-0.006999999999999999
2023-01-05,189.85,192.1,-1.1712649661634544,0.8660078631388846,-0.6800941668846483,4.33,0.0,3.425806451612903,0.189,300679.48387096776,0.012,26984242.31111111,0.011000000000000001,-70755.74193548386,-0.006999999999999999
2023-01-06,194.04,189.85,2.2070055306821157,1.2312186978297168,0.0,4.33,0.0,3.432258064516129,0.188,300715.3548387097,0.012,26987170.888888888,0.011000000000000001,-70750.67741935483,-0.006999999999999999
2023-01-09,194.12,194.04,0.041228612657184804,1.5325069302787764,1.9698481903661191,4.33,0.0,3.4516129032258065,0.187,300822.96774193546,0.012,26995956.622222222,0.011000000000000001,-70735.48387096774,-0.006999999999999999
2023-01-10,195.65,194.12,0.7881722645786127,2.751956304815928,2.2098004388256376,4.33,0.0,3.458064516129032,0.187,300858.8387096774,0.012,26998885.2,0.011000000000000001,-70730.41935483871,-0.006999999999999999
2023-01-11,198.23,195.65,1.318681318681314,3.19104633003644,3.9922358619242315,4.33,0.0,3.464516129032258,0.187,300894.70967741933,0.012,27001813.777777776,0.011000000000000001,-70725.35483870968,-0.006999999999999999
2023-01-12,199.19,198.23,0.48428593048479573,4.919673426389259,5.828286048241416,4.33,0.0,3.4709677419354836,0.186,300930.5806451613,0.012,27004742.355555557,0.011000000000000001,-70720.29032258065,-0.006999999999999999
2023-01-13,200.04,199.19,0.4267282494101021,3.092145949288816,4.36143572621035,4.33,0.0,3.47741935483871,0.186,300966.4516129032,0.012,27007670.933333334,0.011000000000000001,-70715.2258064516,-0.006999999999999999
2023-01-17,199.77,200.04,-0.13497300539890844,2.910570780960242,4.487682410167904,4.33,0.0,3.503225806451613,0.185,301109.93548387097,0.012,27019385.244444445,0.011000000000000001,-70694.96774193548,-0.006999999999999999
2023-01-18,196.62,199.77,-1.5768133353356362,0.49578328648096637,3.2613833307074236,4.33,0.0,3.509677419354839,0.184,301145.8064516129,0.012,27022313.82222222,0.011000000000000001,-70689.90322580645,-0.006999999999999999
2023-01-19,195.02,196.62,-0.8137524158274845,-1.619331080058506,1.5200416449765886,4.33,0.0,3.5161290322580645,0.184,301181.67741935485,0.012,27025242.4,0.011000000000000001,-70684.83870967742,-0.006999999999999999
2023-01-20,198.76,195.02,1.9177520254332725,-0.21587429087805976,4.6931788253884665,4.33,0.0,3.52258064516129,0.183,301217.5483870968,0.012,27028170.97777778,0.011000000000000001,-70679.7741935484,-0.006999999999999999
2023-01-23,201.28,198.76,1.2678607365667283,0.6198760247950519,3.7311894454751693,4.33,0.0,3.541935483870968,0.182,301325.1612903226,0.012,27036956.71111111,0.011000000000000001,-70664.58064516129,-0.006999999999999999
2023-01-24,200.95,201.28,-0.16395071542131268,0.5906792811733341,3.518442200700589,4.33,0.0,3.5483870967741935,0.182,301361.03225806454,0.012,27039885.28888889,0.011000000000000001,-70659.51612903226,-0.006999999999999999
2023-01-25,201.05,200.95,0.04976362279174307,2.2530770013223567,2.760030667007407,4.33,0.0,3.554838709677419,0.182,301396.9032258064,0.012,27042813.866666667,0.011000000000000001,-70654.45161290323,-0.006999999999999999
2023-01-26,203.12,201.05,1.0295946282019353,4.15342016203466,2.466831458406915,4.33,0.0,3.5612903225806454,0.181,301432.77419354836,0.012,27045742.444444444,0.011000000000000001,-70649.3870967742,-0.006999999999999999
2023-01-27,203.94,203.12,0.4037022449783434,2.606158180720475,2.3846578643506255,4.33,0.0,3.567741935483871,0.181,301468.6451612903,0.012,27048671.02222222,0.011000000000000001,-70644.32258064517,-0.006999999999999999
2023-01-30,201.21,203.94,-1.3386290085319108,-0.03477742448330101,0.5848830233953217,4.33,0.0,3.5870967741935487,0.18,301576.2580645161,0.012,27057456.755555555,0.011000000000000001,-70629.12903225806,-0.006999999999999999
2023-01-31,204.43,201.21,1.6003180756423596,1.7317740731525255,2.332682584972723,4.33,0.0,3.5935483870967744,0.18,301612.12903225806,0.012,27060385.333333332,0.011000000000000001,-70624.06451612903,-0.006999999999999999
2023-02-01,206.92,204.43,1.2180208384287905,2.9196717234518665,5.238531176889416,4.33,0.0,3.6,0.18,301648.0,0.012,27063313.911111113,0.011000000000000001,-70619.0,-0.006999999999999999
2023-02-02,210.01,206.92,1.4933307558476772,3.392083497439935,7.686391139370308,4.58,5.774,3.5964285714285715,-0.099,301653.71428571426,0.002,27066242.48888889,0.011000000000000001,-70254.14285714286,-0.517
2023-02-03,207.84,210.01,-1.0332841293271722,1.9123271550456122,4.568323606359437,4.58,0.0,3.592857142857143,-0.099,301659.4285714286,0.002,27069171.066666666,0.011000000000000001,-69889.28571428571,-0.519
2023-02-06,206.28,207.84,-0.7505773672055405,2.5197554793499277,2.484101748807621,4.58,0.0,3.5821428571428573,-0.1,301676.5714285714,0.002,27077956.8,0.011000000000000001,-68794.71428571429,-0.528
2023-02-07,208.88,206.28,1.2604227263913081,2.1767842293205497,3.9462552873849255,4.58,0.0,3.5785714285714287,-0.1,301682.28571428574,0.002,27080885.377777778,0.011000000000000001,-68429.85714285714,-0.53
2023-02-08,206.65,208.88,-1.0675986212179245,-0.13048521167600136,2.785376771947279,4.58,0.0,3.575,-0.1,301688.0,0.002,27083813.955555554,0.011000000000000001,-68065.0,-0.5329999999999999
2023-02-09,204.64,206.65,-0.9726590854101214,-2.5570210942336136,0.748326112642772,4.57,-0.218,3.5714285714285716,-0.1,301693.71428571426,0.002,27086742.533333335,0.011000000000000001,-67700.14285714286,-0.536
2023-02-10,205.01,204.64,0.18080531665363164,-1.361624326404931,0.5246641168971333,4.58,0.219,3.567857142857143,-0.1,301699.4285714286,0.002,27089671.111111112,0.011000000000000001,-67335.28571428571,-0.539
2023-02-13,207.45,205.01,1.1901858445929392,0.5671902268760798,3.101237513046051,4.58,0.0,3.5571428571428574,-0.1,301716.5714285714,0.002,27098456.844444446,0.011000000000000001,-66240.71428571429,-0.5479999999999999
2023-02-14,207.53,207.45,0.03856350927935459,-0.6463040980467238,1.5164114855940936,4.58,0.0,3.553571428571429,-0.1,301722.28571428574,0.002,27101385.422222223,0.011000000000000001,-65875.85714285714,-0.551
2023-02-15,208.46,207.53,0.4481279814966488,0.8758770868618537,0.7442489851150258,4.58,0.0,3.55,-0.101,301728.0,0.002,27104314.0,0.011000000000000001,-65511.0,-0.5539999999999999
2023-02-16,205.68,208.46,-1.3335891777799147,0.5082095387021202,-2.061806580639014,4.58,0.0,3.5464285714285713,-0.101,301733.71428571426,0.002,27107242.577777777,0.011000000000000001,-65146.142857142855,-0.557
2023-02-17,205.08,205.68,-0.29171528588097795,0.03414467586948522,-1.327944572748263,4.58,0.0,3.5428571428571427,-0.101,301739.4285714286,0.002,27110171.155555554,0.011000000000000001,-64781.28571428572,-0.5599999999999999
2023-02-21,200.83,205.08,-2.0723620050711933,-3.1911303928657375,-2.642039945704866,4.58,0.0,3.5285714285714285,-0.101,301762.28571428574,0.002,27121885.466666665,0.011000000000000001,-63321.857142857145,-0.573
2023-02-22,200.66,200.83,-0.0846487078623781,-3.310364766539775,-3.9352738414400568,4.58,0.0,3.525,-0.101,301768.0,0.002,27124814.044444446,0.011000000000000001,-62957.0,-0.5760000000000001
2023-02-23,201.73,200.66,0.5332403069869374,-3.2284371102369813,-2.3808371642874526,4.58,0.0,3.5214285714285714,-0.101,301773.71428571426,0.002,27127742.622222222,0.011000000000000001,-62592.142857142855,-0.58
2023-02-24,199.48,201.73,-1.1153522034402452,-3.0143912874368017,-2.5215011727912406,4.58,0.0,3.517857142857143,-0.101,301779.4285714286,0.002,27130671.2,0.011000000000000001,-62227.28571428572,-0.583
2023-02-27,200.19,199.48,0.35592540605575707,-2.3844353423054465,-2.351104824154915,4.57,-0.218,3.507142857142857,-0.10200000000000001,301796.5714285714,0.002,27139456.933333334,0.011000000000000001,-61132.71428571429,-0.5930000000000001
2023-02-28,199.52,200.19,-0.33468205205055,-0.6522929841159208,-3.822607857315008,4.57,0.0,3.5035714285714286,-0.10200000000000001,301802.28571428574,0.002,27142385.51111111,0.011000000000000001,-60767.857142857145,-0.597
2023-03-01,200.0,199.52,0.2405773857257376,-0.32891458187979117,-3.6283910759890126,4.58,0.219,3.5,-0.10200000000000001,301808.0,0.002,27145314.088888887,0.011000000000000001,-60403.0,-0.6
2023-03-02,200.31,200.0,0.15499999999999403,-0.7039111683933896,-3.9096229492468604,4.57,-0.218,3.496774193548387,-0.092,301843.8064516129,0.012,27148242.666666668,0.011000000000000001,-60805.967741935485,0.6669999999999999
2023-03-03,203.57,200.31,1.6274774100144773,2.0503308602366266,-1.0258654220147823,4.57,0.0,3.4935483870967743,-0.092,301879.6129032258,0.012,27151171.244444445,0.011000000000000001,-61208.93548387097,0.6629999999999999
2023-03-06,203.3,203.57,-0.13263250970181328,1.5535241520555632,-0.8679539691827554,4.57,0.0,3.4838709677419355,-0.093,301987.03225806454,0.012,27159956.97777778,0.011000000000000001,-62417.83870967742,0.65
2023-03-07,200.27,203.3,-1.4904082636497784,0.37590216519647335,-0.27884280237016057,4.57,0.0,3.4806451612903224,-0.093,302022.8387096774,0.012,27162885.555555556,0.011000000000000001,-62820.8064516129,0.6459999999999999
2023-03-08,200.53,200.27,0.12982473660558824,0.2650000000000041,-0.06478620552177183,4.57,0.0,3.47741935483871,-0.093,302058.6451612903,0.012,27165814.133333333,0.011000000000000001,-63223.77419354839,0.641
2023-03-09,196.57,200.53,-1.9747668678003372,-1.8671059857221395,-2.5578743865562914,4.57,0.0,3.4741935483870967,-0.093,302094.4516129032,0.012,27168742.71111111,0.011000000000000001,-63626.74193548387,0.637
2023-03-10,193.26,196.57,-1.6838785165589898,-5.064596944539968,-3.1181070784038534,4.57,0.0,3.4709677419354836,-0.093,302130.2580645161,0.012,27171671.28888889,0.011000000000000001,-64029.709677419356,0.633
2023-03-13,192.46,193.26,-0.41395011901065315,-5.332021642892282,-3.8613317348518805,4.58,0.219,3.4612903225806453,-0.093,302237.67741935485,0.012,27180457.02222222,0.011000000000000001,-65238.6129032258,0.622
2023-03-14,195.89,192.46,1.7821885067026866,-2.187047485894056,-1.8193664795509323,4.58,0.0,3.458064516129032,-0.093,302273.48387096776,0.012,27183385.6,0.011000000000000001,-65641.58064516129,0.618
2023-03-15,194.38,195.89,-0.7708407779876469,-3.06687278711415,-2.8100000000000014,4.58,0.0,3.454838709677419,-0.093,302309.29032258067,0.012,27186314.17777778,0.011000000000000001,-66044.54838709677,0.614
2023-03-16,197.74,194.38,1.7285728984463455,0.595207814010279,-1.2830113324347248,4.58,0.0,3.4516129032258065,-0.093,302345.0967741936,0.012,27189242.755555555,0.011000000000000001,-66447.51612903226,0.61
2023-03-17,195.19,197.74,-1.28957216546981,0.9986546621132186,-4.1165201159306335,4.58,0.0,3.4483870967741934,-0.093,302380.9032258064,0.012,27192171.333333332,0.011000000000000001,-66850.48387096774,0.606
2023-03-20,196.89,195.19,0.8709462574926885,2.30177699262184,-3.1529758976881594,4.58,0.0,3.4387096774193546,-0.094,302488.32258064515,0.012,27200957.066666666,0.011000000000000001,-68059.3870967742,0.596
2023-03-21,199.7,196.89,1.4271928487988195,1.9449691153198279,-0.2846157687122486,4.58,0.0,3.435483870967742,-0.094,302524.12903225806,0.012,27203885.644444443,0.011000000000000001,-68462.35483870968,0.592
2023-03-22,196.13,199.7,-1.7876815222834241,0.9002983846074786,-2.1941854086670376,4.58,0.0,3.432258064516129,-0.094,302559.93548387097,0.012,27206814.222222224,0.011000000000000001,-68865.32258064517,0.5890000000000001
2023-03-23,195.7,196.13,-0.2192423392647802,-1.031657732375857,-0.44259042580251373,4.83,5.459,3.429032258064516,-0.094,302595.7419354839,0.012,27209742.8,0.011000000000000001,-69268.29032258064,0.585
2023-03-24,196.93,195.7,0.6285130301481923,0.8914391106101816,1.898996170961409,4.83,0.0,3.425806451612903,-0.094,302631.5483870968,0.012,27212671.377777778,0.011000000000000001,-69671.25806451612,0.582
2023-03-27,197.43,196.93,0.2538973239222031,0.27426481791863466,2.582354775018181,4.83,0.0,3.4161290322580644,-0.094,302738.96774193546,0.012,27221457.111111112,0.011000000000000001,-70880.16129032258,0.5720000000000001
2023-03-28,197.15,197.43,-0.14182241807222384,-1.276915373059584,0.6432181326254671,4.83,0.0,3.4129032258064513,-0.094,302774.77419354836,0.012,27224385.68888889,0.011000000000000001,-71283.12903225806,0.569
2023-03-29,199.99,197.15,1.4405275171189391,1.968082394330306,2.8860993929416656,4.83,0.0,3.4096774193548387,-0.095,302810.5806451613,0.012,27227314.266666666,0.011000000000000001,-71686.09677419355,0.565
2023-03-30,201.07,199.99,0.5400270013500519,2.7439959121103863,1.6840295337311462,4.83,0.0,3.4064516129032256,-0.095,302846.3870967742,0.012,27230242.844444446,0.011000000000000001,-72089.06451612903,0.562
2023-03-31,204.1,201.07,1.5069378823295398,3.64088762504442,4.5647830319176075,4.83,0.0,3.403225806451613,-0.095,302882.1935483871,0.012,27233171.422222223,0.011000000000000001,-72492.03225806452,0.559
2023-04-03,204.64,204.1,0.26457618814306194,3.6519272653598556,3.936208034943367,4.83,0.0,3.42,0.293,302943.06666666665,0.004,27247926.13186813,0.022000000000000002,-72493.46666666666,-0.27599999999999997
2023-04-04,203.27,204.64,-0.669468334636425,3.10423535379154,1.7876815222834352,4.83,0.0,3.4299999999999997,0.292,302955.6,0.004,27253839.197802197,0.022000000000000002,-72292.7,-0.27699999999999997
2023-04-05,202.53,203.27,-0.36404781817287457,1.2700635031751561,3.2631417937082574,4.83,0.0,3.44,0.292,302968.13333333336,0.004,27259752.263736263,0.022000000000000002,-72091.93333333333,-0.27799999999999997
2023-04-06,203.2,202.53,0.33081518787339004,1.0593325707465073,3.832396525293813,4.83,0.0,3.45,0.291,302980.6666666667,0.004,27265665.32967033,0.022000000000000002,-71891.16666666667,-0.27799999999999997
2023-04-10,203.66,203.2,0.22637795275590733,-0.21558059774620109,3.4174579799928884,4.83,0.0,3.49,0.28700000000000003,303030.8,0.004,27289317.59340659,0.022000000000000002,-71088.1,-0.28200000000000003
2023-04-11,203.87,203.66,0.10311303152312767,-0.37627052384674453,3.2619156156612483,4.83,0.0,3.5,0.28700000000000003,303043.3333333333,0.004,27295230.65934066,0.022000000000000002,-70887.33333333333,-0.28200000000000003
2023-04-12,203.01,203.87,-0.42183744543091706,-0.12790869287155893,2.9723560740552823,4.83,0.0,3.51,0.28600000000000003,303055.86666666664,0.004,27301143.725274727,0.022000000000000002,-70686.56666666667,-0.28300000000000003
2023-04-13,205.65,203.01,1.3004285503177337,1.5405125166642053,2.8301415070753455,4.83,0.0,3.52,0.28500000000000003,303068.4,0.004,27307056.791208792,0.022000000000000002,-70485.8,-0.28400000000000003
2023-04-14,205.08,205.65,-0.27716994894237956,0.9251968503937169,1.9943303327199624,4.83,0.0,3.5300000000000002,0.28400000000000003,303080.93333333335,0.004,27312969.85714286,0.022000000000000002,-70285.03333333334,-0.28500000000000003
2023-04-17,205.9,205.08,0.39984396333136996,1.0998723362466878,0.881920627143562,4.83,0.0,3.56,0.28200000000000003,303118.5333333333,0.004,27330709.054945055,0.022000000000000002,-69682.73333333334,-0.28700000000000003
2023-04-18,206.0,205.9,0.048567265662935455,1.0447834404277323,0.6645817044566238,4.83,0.0,3.5700000000000003,0.281,303131.06666666665,0.004,27336622.12087912,0.022000000000000002,-69481.96666666666,-0.28800000000000003
2023-04-19,206.1,206.0,0.04854368932039055,1.5220925077582326,1.3922369262557188,4.83,0.0,3.58,0.27999999999999997,303143.6,0.004,27342535.186813187,0.022000000000000002,-69281.2,-0.28900000000000003
2023-04-20,204.82,206.1,-0.6210577389616723,-0.40359834670556927,1.1306966869105706,4.83,0.0,3.59,0.27899999999999997,303156.13333333336,0.004,27348448.252747253,0.022000000000000002,-69080.43333333333,-0.29
2023-04-21,205.0,204.82,0.0878820427692606,-0.03900916715429137,0.8858267716535417,4.83,0.0,3.6,0.27899999999999997,303168.6666666667,0.004,27354361.31868132,0.022000000000000002,-68879.66666666667,-0.291
2023-04-24,205.08,205.0,0.039024390243902474,-0.39825157843612624,0.6972404988706771,4.83,0.0,3.63,0.27599999999999997,303206.26666666666,0.004,27372100.516483516,0.022000000000000002,-68277.36666666667,-0.293
2023-04-25,201.66,205.08,-1.6676418958455286,-2.106796116504861,-1.0840241330259515,4.83,0.0,3.64,0.27499999999999997,303218.8,0.004,27378013.58241758,0.022000000000000002,-68076.6,-0.294
2023-04-26,200.75,201.66,-0.4512545869284956,-2.595827268316353,-1.1132456529235002,4.83,0.0,3.6500000000000004,0.27499999999999997,303231.3333333333,0.004,27383926.648351647,0.022000000000000002,-67875.83333333333,-0.295
2023-04-27,204.52,200.75,1.8779576587795832,-0.1464700712820899,-0.5494772672015591,4.83,0.0,3.66,0.27399999999999997,303243.86666666664,0.004,27389839.714285713,0.022000000000000002,-67675.06666666667,-0.296
2023-04-28,206.3,204.52,0.8703305300215236,0.6341463414634152,0.5948897991027824,4.83,0.0,3.67,0.27299999999999996,303256.4,0.004,27395752.78021978,0.022000000000000002,-67474.3,-0.297
2023-05-01,206.2,206.3,-0.04847309743093442,0.5461283401599237,0.14570179698882857,4.83,0.0,3.7,0.271,303294.0,0.004,27413491.97802198,0.022000000000000002,-66872.0,-0.299
2023-05-02,203.68,206.2,-1.2221144519883542,1.0016860061489608,-1.1262135922330052,4.83,0.0,3.696774193548387,-0.087,303311.6451612903,0.006,27419405.043956045,0.022000000000000002,-66780.3870967742,-0.13699999999999998
2023-05-03,202.49,203.68,-0.5842498036135124,0.8667496886675119,-1.7515769044153306,4.83,0.0,3.6935483870967745,-0.087,303329.29032258067,0.006,27425318.10989011,0.022000000000000002,-66688.7741935484,-0.13699999999999998
2023-05-04,200.98,202.49,-0.7457158378191608,-1.7308820653236912,-1.8748169124109038,5.08,5.176,3.6903225806451614,-0.087,303346.93548387097,0.006,27431231.175824177,0.022000000000000002,-66597.16129032258,-0.13699999999999998
2023-05-05,204.69,200.98,1.845954821375262,-0.780416868637912,-0.15121951219512209,5.08,0.0,3.6870967741935488,-0.087,303364.5806451613,0.006,27437144.241758242,0.022000000000000002,-66505.54838709677,-0.13799999999999998
2023-05-08,204.91,204.69,0.10747960330255157,-0.6256062075654656,-0.08289448020285528,5.08,0.0,3.67741935483871,-0.08800000000000001,303417.51612903224,0.006,27454883.43956044,0.022000000000000002,-66230.70967741935,-0.13799999999999998
2023-05-09,204.07,204.91,-0.40993606949392136,0.19147682639433228,1.1950808291183224,5.08,0.0,3.674193548387097,-0.08800000000000001,303435.1612903226,0.006,27460796.505494505,0.022000000000000002,-66139.09677419355,-0.13799999999999998
2023-05-10,204.97,204.07,0.44102513843289337,1.2247518395970047,2.1021170610211692,5.08,0.0,3.670967741935484,-0.08800000000000001,303452.8064516129,0.006,27466709.57142857,0.022000000000000002,-66047.48387096774,-0.13899999999999998
2023-05-11,204.7,204.97,-0.13172659413572818,1.850930440839882,0.08801095247408242,5.08,0.0,3.667741935483871,-0.08800000000000001,303470.4516129032,0.006,27472622.637362637,0.022000000000000002,-65955.87096774194,-0.13899999999999998
2023-05-12,204.22,204.7,-0.23448949682461917,-0.22961551614636422,-1.0082404265632672,5.08,0.0,3.664516129032258,-0.08800000000000001,303488.0967741936,0.006,27478535.703296702,0.022000000000000002,-65864.25806451614,-0.13899999999999998
2023-05-15,205.09,204.22,0.42601116443052867,0.08784344346297601,-0.5383123181377236,5.08,0.0,3.6548387096774193,-0.08800000000000001,303541.03225806454,0.006,27496274.9010989,0.022000000000000002,-65589.41935483871,-0.13899999999999998
2023-05-16,203.5,205.09,-0.7752693939246158,-0.2793159210074947,-0.08837391987431831,5.08,0.0,3.6516129032258067,-0.08800000000000001,303558.67741935485,0.006,27502187.967032965,0.022000000000000002,-65497.8064516129,-0.13999999999999999
2023-05-17,206.14,203.5,1.297297297297284,0.5708152412548184,1.8025581510197952,5.08,0.0,3.6483870967741936,-0.08800000000000001,303576.32258064515,0.006,27508101.032967035,0.022000000000000002,-65406.1935483871,-0.13999999999999999
2023-05-18,208.19,206.14,0.9944697778208944,1.7049340498290322,3.5874216339934373,5.08,0.0,3.645161290322581,-0.08800000000000001,303593.96774193546,0.006,27514014.0989011,0.021,-65314.58064516129,-0.13999999999999999
2023-05-19,207.69,208.19,-0.24016523368076692,1.699147977671145,1.4656309541257517,5.08,0.0,3.641935483870968,-0.08800000000000001,303611.6129032258,0.006,27519927.164835166,0.021,-65222.967741935485,-0.13999999999999999
2023-05-22,208.05,207.69,0.1733352592806714,1.4432688088156453,1.5323800692987222,5.08,0.0,3.632258064516129,-0.089,303664.5483870968,0.006,27537666.362637363,0.021,-64948.12903225807,-0.14100000000000001
2023-05-23,205.85,208.05,-1.05743811583755,1.1547911547911571,0.8722497182339417,5.08,0.0,3.629032258064516,-0.089,303682.1935483871,0.006,27543579.42857143,0.021,-64856.51612903226,-0.14100000000000001
2023-05-24,204.26,205.85,-0.7724070925431148,-0.9120015523430669,-0.34639215494950415,5.08,0.0,3.6258064516129034,-0.089,303699.8387096774,0.006,27549492.494505495,0.021,-64764.903225806454,-0.14100000000000001
2023-05-25,205.65,204.26,0.6805052384216248,-1.220039387098315,0.4640937957987479,5.08,0.0,3.6225806451612903,-0.089,303717.48387096776,0.006,27555405.56043956,0.021,-64673.290322580644,-0.14100000000000001
2023-05-26,208.36,205.65,1.3177729151470974,0.32259617699457177,2.027225541083144,5.08,0.0,3.6193548387096777,-0.089,303735.12903225806,0.006,27561318.626373626,0.021,-64581.67741935484,-0.14200000000000002
2023-05-30,208.43,208.36,0.03359569975043275,0.18264840182649067,1.6285533180554923,5.08,0.0,3.606451612903226,-0.089,303805.70967741933,0.006,27584970.89010989,0.021,-64215.22580645161,-0.14200000000000002
2023-05-31,207.18,208.43,-0.599721729117686,0.6461015302404727,1.808353808353802,5.08,0.0,3.603225806451613,-0.089,303823.3548387097,0.006,27590883.956043955,0.021,-64123.6129032258,-0.14300000000000002
2023-06-01,209.25,207.18,0.9991311902693312,2.4429648487222178,1.5086834190356058,5.08,0.0,3.6,-0.09,303841.0,0.006,27596797.02197802,0.021,-64032.0,-0.14300000000000002
2023-06-02,212.71,209.25,1.6535244922341708,3.4330172623389332,2.1710937124741925,5.08,0.0,3.5966666666666667,-0.093,303857.9,0.006,27602710.087912086,0.021,-64063.0,0.048
2023-06-05,212.15,212.71,-0.2632692398100711,1.8189671722019574,2.147431267754829,5.08,0.0,3.586666666666667,-0.093,303908.6,0.006,27620449.285714287,0.021,-64156.0,0.048
2023-06-06,213.12,212.15,0.4572236625029369,2.2501559276495664,2.436914203316509,5.08,0.0,3.5833333333333335,-0.093,303925.5,0.006,27626362.351648353,0.021,-64187.0,0.048
2023-06-07,212.7,213.12,-0.19707207207207977,2.6643498407182165,3.3276657760505257,5.08,0.0,3.58,-0.093,303942.4,0.006,27632275.41758242,0.021,-64218.0,0.048
2023-06-08,213.7,212.7,0.4701457451810054,2.126642771804055,4.6215607558993455,5.08,0.0,3.5766666666666667,-0.093,303959.3,0.006,27638188.483516484,0.021,-64249.0,0.048
2023-06-09,213.93,213.7,0.10762751520825287,0.5735508438719394,4.02625820568927,5.08,0.0,3.5733333333333333,-0.093,303976.2,0.006,27644101.54945055,0.021,-64280.0,0.048
2023-06-12,215.85,213.93,0.8974898331229886,1.744049021918448,3.5947398732962155,5.08,0.0,3.5633333333333335,-0.093,304026.9,0.006,27661840.747252747,0.021,-64373.0,0.048
2023-06-13,217.44,215.85,0.7366226546212662,2.0270270270270174,4.322794223480297,5.08,0.0,3.56,-0.094,304043.8,0.006,27667753.813186813,0.021,-64404.0,0.048
2023-06-14,217.44,217.44,0.0,2.22849083215797,4.952215464813192,5.08,0.0,3.5566666666666666,-0.094,304060.7,0.006,27673666.87912088,0.021,-64435.0,0.048
2023-06-15,220.09,217.44,1.2187270051508436,2.990173139915786,5.180406212664268,5.07,-0.197,3.5533333333333332,-0.094,304077.6,0.006,27679579.945054945,0.021,-64466.0,0.048
2023-06-16,219.26,220.09,-0.3771184515425574,2.4914691721591,3.0793098584927847,5.08,0.197,3.55,-0.094,304094.5,0.006,27685493.01098901,0.021,-64497.0,0.048
2023-06-20,218.18,219.26,-0.4925659034935581,1.0794533240676474,2.8423285411265597,5.07,-0.197,3.5366666666666666,-0.094,304162.1,0.006,27709145.274725273,0.021,-64621.0,0.048
2023-06-21,216.98,218.18,-0.5500045833715328,-0.21155261221487143,1.8111861861861867,5.07,0.0,3.533333333333333,-0.094,304179.0,0.006,27715058.34065934,0.021,-64652.0,0.048
2023-06-22,217.56,216.98,0.2673057424647407,0.055187637969100756,2.284908321579704,5.07,0.0,3.5300000000000002,-0.094,304195.9,0.006,27720971.406593405,0.021,-64683.0,0.048
2023-06-23,214.94,217.56,-1.2042654899797722,-2.339951837884502,0.580252690687888,5.07,0.0,3.526666666666667,-0.094,304212.8,0.006,27726884.472527474,0.021,-64714.0,0.048
2023-06-26,214.19,214.94,-0.348934586396199,-2.3123232691781404,0.12153508156873549,5.07,0.0,3.5166666666666666,-0.095,304263.5,0.006,27744623.67032967,0.021,-64807.0,0.048
2023-06-27,216.8,214.19,1.218544283113121,-0.6325052708772594,0.4401204540189996,5.07,0.0,3.513333333333333,-0.095,304280.4,0.006,27750536.736263737,0.021,-64838.0,0.048
2023-06-28,216.98,216.8,0.08302583025829868,0.0,-0.21155261221487143,5.07,0.0,3.51,-0.095,304297.3,0.006,27756449.802197803,0.021,-64869.0,0.048
2023-06-29,218.02,216.98,0.4793068485574814,0.21143592572163694,0.2667402501839611,5.07,0.0,3.506666666666667,-0.095,304314.2,0.006,27762362.86813187,0.021,-64900.0,0.048
2023-06-30,220.28,218.02,1.0366021465920472,2.4844142551409654,0.08632832023263148,5.08,0.197,3.5033333333333334,-0.095,304331.1,0.006,27768275.934065934,0.021,-64931.0,0.048
2023-07-03,220.94,220.28,0.2996186671508916,3.1514076287408432,0.7662136276566756,5.08,0.0,3.5193548387096776,0.27599999999999997,304471.93548387097,0.02,27768275.934065934,0.021,-64553.096774193546,-0.316
2023-07-05,220.27,220.94,-0.30324975106362784,1.6005535055350517,0.9579246493720772,5.08,0.0,3.5387096774193547,0.27399999999999997,304595.87096774194,0.02,27768275.934065934,0.021,-64144.1935483871,-0.318
2023-07-06,218.31,220.27,-0.8898170427202978,0.6129597197898518,0.6129597197898518,5.08,0.0,3.5483870967741935,0.27299999999999996,304657.8387096774,0.02,27768275.934065934,0.021,-63939.74193548387,-0.319
2023-07-07,218.04,218.31,-0.12367733956301086,0.009173470323808885,0.22062879205735353,5.08,0.0,3.5580645161290323,0.27299999999999996,304719.8064516129,0.02,27768275.934065934,0.021,-63735.290322580644,-0.32
2023-07-10,218.99,218.04,0.4356998715832061,-0.5856183039767537,1.8842467665395102,5.07,-0.197,3.587096774193548,0.271,304905.70967741933,0.02,27768275.934065934,0.021,-63121.93548387097,-0.32299999999999995
2023-07-11,220.71,218.99,0.7854239919631079,-0.10410066081288916,3.044026331761529,5.08,0.197,3.596774193548387,0.27,304967.67741935485,0.02,27768275.934065934,0.021,-62917.48387096774,-0.32399999999999995
2023-07-12,222.4,220.71,0.7657106610484243,0.9669950515276637,2.58302583025829,5.08,0.0,3.606451612903226,0.269,305029.6451612903,0.02,27768275.934065934,0.021,-62713.032258064515,-0.325
2023-07-13,224.28,222.4,0.8453237410071868,2.734643397004266,3.364365379297629,5.08,0.0,3.6161290322580646,0.268,305091.6129032258,0.02,27768275.934065934,0.021,-62508.58064516129,-0.326
2023-07-14,223.95,224.28,-0.14713750668807757,2.7105118326912425,2.7199339510136644,5.08,0.0,3.625806451612903,0.268,305153.5806451613,0.02,27768275.934065934,0.021,-62304.12903225807,-0.327
2023-07-17,224.8,223.95,0.3795490064746776,2.6530891821544333,2.051933902306158,5.08,0.0,3.6548387096774193,0.265,305339.48387096776,0.02,27768275.934065934,0.021,-61690.77419354839,-0.33
2023-07-18,226.59,224.8,0.7962633451957357,2.6641294005708804,2.5572553634470863,5.08,0.0,3.664516129032258,0.265,305401.4516129032,0.02,27768275.934065934,0.021,-61486.32258064516,-0.331
2023-07-19,227.18,226.59,0.2603821880930335,2.1492805755395583,3.1370590638761575,5.08,0.0,3.6741935483870964,0.264,305463.4193548387,0.02,27768275.934065934,0.021,-61281.87096774194,-0.333
2023-07-20,225.54,227.18,-0.7218945329694582,0.561797752808979,3.311804314964961,5.08,0.0,3.6838709677419352,0.263,305525.3870967742,0.02,27768275.934065934,0.021,-61077.41935483871,-0.334
2023-07-21,225.52,225.54,-0.00886760663295627,0.7010493413708518,3.4305631994129504,5.08,0.0,3.693548387096774,0.263,305587.3548387097,0.02,27768275.934065934,0.021,-60872.967741935485,-0.335
2023-07-24,226.32,225.52,0.3547357218871783,0.6761565836298944,3.3471848029590356,5.08,0.0,3.7225806451612904,0.261,305773.2580645161,0.02,27768275.934065934,0.021,-60259.6129032258,-0.338
2023-07-25,226.89,226.32,0.2518557794273457,0.13239772275916994,2.800054369987759,5.08,0.0,3.7322580645161287,0.26,305835.22580645164,0.02,27768275.934065934,0.021,-60055.16129032258,-0.33899999999999997
2023-07-26,227.06,226.89,0.07492617567985693,-0.05282155119289422,2.0953237410071823,5.08,0.0,3.7419354838709675,0.259,305897.1935483871,0.02,27768275.934065934,0.021,-59850.709677419356,-0.33999999999999997
2023-07-27,225.31,227.06,-0.7707213952259262,-0.101977476279147,0.45924736935973876,5.33,4.920999999999999,3.7516129032258063,0.259,305959.1612903226,0.02,27768275.934065934,0.021,-59646.25806451613,-0.34199999999999997
2023-07-28,227.66,225.31,1.0430074120101107,0.9489180560482424,1.656619781201174,5.33,0.0,3.761290322580645,0.258,306021.12903225806,0.02,27768275.934065934,0.021,-59441.8064516129,-0.34299999999999997
2023-07-31,228.35,227.66,0.3030835456382386,0.8969600565570834,1.5791814946619187,5.33,0.0,3.790322580645161,0.256,306207.03225806454,0.02,27768275.934065934,0.021,-58828.45161290323,-0.346
2023-08-01,227.73,228.35,-0.27151302824611756,0.3702234563004003,0.5031113464848413,5.33,0.0,3.8,0.255,306269.0,0.02,27768275.934065934,0.021,-58624.0,-0.348
2023-08-02,224.5,227.73,-1.4183462872700114,-1.1274552981590746,-1.1796813099744674,5.33,0.0,3.8,0.0,306308.0967741936,0.013,27768275.934065934,0.021,-58705.51612903226,0.13899999999999998
2023-08-03,223.85,224.5,-0.2895322939866385,-0.6479960942701202,-0.7493127604859429,5.33,0.0,3.8,0.0,306347.1935483871,0.013,27768275.934065934,0.021,-58787.032258064515,0.13899999999999998
2023-08-04,222.9,223.85,-0.42439133348223246,-2.0908372133883857,-1.1617594891805583,5.33,0.0,3.8,0.0,306386.29032258067,0.013,27768275.934065934,0.021,-58868.54838709677,0.13899999999999998
2023-08-07,224.61,222.9,0.7671601615073964,-1.6378366542588063,-0.7555673382820705,5.33,0.0,3.8,0.0,306503.5806451613,0.013,27768275.934065934,0.021,-59113.096774193546,0.13799999999999998
2023-08-08,223.57,224.61,-0.4630247985397018,-1.8267246300443518,-1.4632641368063748,5.33,0.0,3.8,0.0,306542.67741935485,0.013,27768275.934065934,0.021,-59194.6129032258,0.13799999999999998
2023-08-09,221.97,223.57,-0.7156595249809827,-1.1269487750556806,-2.2416982295428545,5.33,0.0,3.8,0.0,306581.77419354836,0.013,27768275.934065934,0.021,-59276.12903225807,0.13799999999999998
2023-08-10,222.01,221.97,0.018020453214395715,-0.8219790037971908,-1.4646487062269786,5.33,0.0,3.8,0.0,306620.87096774194,0.013,27768275.934065934,0.021,-59357.645161290326,0.13799999999999998
2023-08-11,221.8,222.01,-0.09459033376874038,-0.4934948407357531,-2.5740138803478807,5.33,0.0,3.8,0.0,306659.96774193546,0.013,27768275.934065934,0.021,-59439.16129032258,0.13699999999999998
2023-08-14,222.9,221.8,0.4959422903516586,-0.7613196206758377,-2.3866871031311576,5.33,0.0,3.8,0.0,306777.2580645161,0.013,27768275.934065934,0.021,-59683.709677419356,0.13699999999999998
2023-08-15,220.37,222.9,-1.1350381336922344,-1.4313190499619766,-3.231897422386154,5.33,0.0,3.8,0.0,306816.3548387097,0.013,27768275.934065934,0.021,-59765.22580645161,0.13699999999999998
2023-08-16,218.55,220.37,-0.8258837409810704,-1.5407487498310557,-2.650334075723826,5.33,0.0,3.8,0.0,306855.4516129032,0.013,27768275.934065934,0.021,-59846.74193548387,0.136
2023-08-17,216.76,218.55,-0.8190345458705228,-2.3647583442187314,-3.1672995309358964,5.33,0.0,3.8,0.0,306894.5483870968,0.013,27768275.934065934,0.021,-59928.25806451613,0.136
2023-08-18,217.01,216.76,0.11533493264439532,-2.1596032461677295,-2.6424405563032827,5.33,0.0,3.8,0.0,306933.6451612903,0.013,27768275.934065934,0.021,-60009.77419354839,0.136
2023-08-21,218.26,217.01,0.5760103221049695,-2.0816509645581016,-2.827122568006779,5.33,0.0,3.8,0.0,307050.93548387097,0.013,27768275.934065934,0.021,-60254.32258064516,0.135
2023-08-22,217.68,218.26,-0.265738110510394,-1.220674320461046,-2.6345216263362614,5.33,0.0,3.8,0.0,307090.03225806454,0.013,27768275.934065934,0.021,-60335.83870967742,0.135
2023-08-23,220.06,217.68,1.0933480338110924,0.6909174102036175,-0.8604766409875175,5.33,0.0,3.8,0.0,307129.12903225806,0.013,27768275.934065934,0.021,-60417.354838709674,0.135
2023-08-24,217.11,220.06,-1.3405434881395895,0.16146890570216677,-2.207107787937468,5.33,0.0,3.8,0.0,307168.22580645164,0.013,27768275.934065934,0.021,-60498.87096774193,0.135
2023-08-25,218.59,217.11,0.6816820966330406,0.728077047140685,-1.4472497745716906,5.33,0.0,3.8,0.0,307207.32258064515,0.013,27768275.934065934,0.021,-60580.3870967742,0.135
2023-08-28,219.99,218.59,0.6404684569284891,0.7926326399706918,-1.3055181695827756,5.33,0.0,3.8,0.0,307324.6129032258,0.013,27768275.934065934,0.021,-60824.93548387097,0.134
2023-08-29,223.19,219.99,1.4546115732533282,2.5312385152517436,1.2796660162454065,5.33,0.0,3.8,0.0,307363.70967741933,0.013,27768275.934065934,0.021,-60906.45161290323,0.134
2023-08-30,224.18,223.19,0.44356826022671214,1.8722166681814034,2.5760695493022068,5.33,0.0,3.8,0.0,307402.8064516129,0.013,27768275.934065934,0.021,-60987.967741935485,0.134
2023-08-31,223.94,224.18,-0.10705682933357386,3.145870756759228,3.3124192655471507,5.33,0.0,3.8,0.0,307441.9032258064,0.013,27768275.934065934,0.021,-61069.48387096774,0.134
2023-09-01,224.68,223.94,0.33044565508619783,2.786037787638951,3.5343993364361115,5.33,0.0,3.8,0.0,307481.0,0.013,27768275.934065934,0.021,-61151.0,0.133
2023-09-05,223.34,224.68,-0.5964037742567263,1.5227964907495783,2.327499312746273,5.33,0.0,3.813333333333333,0.087,307499.4,0.001,27768275.934065934,0.021,-61564.86666666667,0.168
2023-09-06,221.94,223.34,-0.6268469597922488,-0.5600609346296914,1.957001102535827,5.33,0.0,3.8166666666666664,0.087,307504.0,0.001,27768275.934065934,0.021,-61668.333333333336,0.168
2023-09-07,221.18,221.94,-0.342434892313237,-1.3382103666696454,0.5089521039716383,5.33,0.0,3.82,0.087,307508.6,0.001,27768275.934065934,0.021,-61771.8,0.168
2023-09-08,221.42,221.18,0.10850890677276404,-1.125301420023228,1.9851688084381092,5.33,0.0,3.8233333333333333,0.087,307513.2,0.001,27768275.934065934,0.021,-61875.26666666667,0.167
2023-09-11,222.81,221.42,0.6277662361123815,-0.8322948192985624,1.93055492017018,5.33,0.0,3.833333333333333,0.087,307527.0,0.001,27768275.934065934,0.021,-62185.666666666664,0.167
2023-09-12,221.73,222.81,-0.4847179210986985,-0.720874003761085,0.7909450429564924,5.33,0.0,3.8366666666666664,0.087,307531.6,0.001,27768275.934065934,0.021,-62289.13333333333,0.166
2023-09-13,221.76,221.73,0.01352996888106528,-0.08110300081103361,-0.6407097092163694,5.33,0.0,3.84,0.087,307536.2,0.001,27768275.934065934,0.021,-62392.6,0.166
2023-09-14,223.66,221.76,0.8567821067821058,1.1212587033185617,-0.23195646355607114,5.33,0.0,3.8433333333333333,0.087,307540.8,0.001,27768275.934065934,0.021,-62496.066666666666,0.166
2023-09-15,221.03,223.66,-1.1758919788965372,-0.17613585042001167,-1.299455211217293,5.33,0.0,3.8466666666666667,0.087,307545.4,0.001,27768275.934065934,0.021,-62599.53333333333,0.166
2023-09-18,221.05,221.03,0.009048545446321832,-0.789910686234907,-1.615631119814842,5.33,0.0,3.8566666666666665,0.087,307559.2,0.001,27768275.934065934,0.021,-62909.933333333334,0.165
2023-09-19,220.49,221.05,-0.25333634924225024,-0.5592387137509536,-1.276081311005639,5.33,0.0,3.86,0.086,307563.8,0.001,27768275.934065934,0.021,-63013.4,0.164
2023-09-20,218.54,220.49,-0.884393850061238,-1.4520202020201989,-1.5319455708750152,5.33,0.0,3.8633333333333333,0.086,307568.4,0.001,27768275.934065934,0.021,-63116.86666666667,0.164
2023-09-21,214.09,218.54,-2.0362405051706722,-4.278816060091206,-3.2055339542454098,5.33,0.0,3.8666666666666667,0.086,307573.0,0.001,27768275.934065934,0.021,-63220.333333333336,0.164
2023-09-22,213.64,214.09,-0.21019197533748146,-3.343437542415062,-3.5136844006864787,5.33,0.0,3.87,0.086,307577.6,0.001,27768275.934065934,0.021,-63323.8,0.164
2023-09-25,214.5,213.64,0.402546339636789,-2.9631305134585006,-3.729635115120511,5.33,0.0,3.88,0.086,307591.4,0.001,27768275.934065934,0.021,-63634.2,0.163
2023-09-26,211.41,214.5,-1.4405594405594413,-4.118100594131258,-4.654309295088622,5.33,0.0,3.8833333333333333,0.086,307596.0,0.001,27768275.934065934,0.021,-63737.666666666664,0.163
2023-09-27,211.63,211.41,0.1040631947400783,-3.161892559714463,-4.568001443001446,5.33,0.0,3.8866666666666667,0.086,307600.6,0.001,27768275.934065934,0.021,-63841.13333333333,0.16199999999999998
2023-09-28,213.03,211.63,0.6615319189150926,-0.49511887523938647,-4.752749709380311,5.33,0.0,3.8899999999999997,0.086,307605.2,0.001,27768275.934065934,0.021,-63944.6,0.16199999999999998
2023-09-29,212.41,213.03,-0.29103882082336385,-0.5757348811084029,-3.8999230873637103,5.33,0.0,3.893333333333333,0.086,307609.8,0.001,27768275.934065934,0.021,-64048.066666666666,0.16199999999999998
2023-10-02,212.13,212.41,-0.1318205357563218,-1.1048951048951094,-4.035286134358751,5.33,0.0,3.893548387096774,-0.165,307628.6129032258,0.003,27768275.934065934,0.021,-64048.066666666666,0.16199999999999998
2023-10-03,209.05,212.13,-1.451939848206285,-1.1163142708481066,-5.188443920359198,5.33,0.0,3.8870967741935485,-0.166,307638.22580645164,0.003,27768275.934065934,0.021,-64048.066666666666,0.16199999999999998
2023-10-04,210.56,209.05,0.7223152355895657,-0.5055993951708193,-3.65150544522741,5.33,0.0,3.8806451612903223,-0.166,307647.8387096774,0.003,27768275.934065934,0.021,-64048.066666666666,0.16199999999999998
2023-10-05,210.45,210.56,-0.05224164133739162,-1.2110970285875267,-1.7002195338409187,5.33,0.0,3.8741935483870966,-0.166,307657.4516129032,0.003,27768275.934065934,0.021,-64048.066666666666,0.16199999999999998
2023-10-06,212.96,210.45,1.1926823473509263,0.2589331952356444,-0.3182924545965027,5.33,0.0,3.867741935483871,-0.167,307667.06451612903,0.003,27768275.934065934,0.021,-64048.066666666666,0.16199999999999998
2023-10-09,214.3,212.96,0.6292261457550685,1.0229576203271584,-0.09324009324008786,5.33,0.0,3.8483870967741933,-0.167,307695.9032258064,0.003,27768275.934065934,0.021,-64048.066666666666,0.16199999999999998
2023-10-10,215.63,214.3,0.6206252916472144,3.14757235111216,1.9961212809233242,5.33,0.0,3.8419354838709676,-0.168,307705.51612903224,0.003,27768275.934065934,0.021,-64048.066666666666,0.16199999999999998
2023-10-11,216.48,215.63,0.39419375782590027,2.8115501519756725,2.2917355762415603,5.33,0.0,3.835483870967742,-0.168,307715.12903225806,0.003,27768275.934065934,0.021,-64048.066666666666,0.16199999999999998
2023-10-12,214.74,216.48,-0.8037694013303676,2.0384889522451877,0.8027038445289403,5.33,0.0,3.829032258064516,-0.168,307724.7419354839,0.003,27768275.934065934,0.021,-64048.066666666666,0.16199999999999998
2023-10-13,213.53,214.74,-0.5634721058023651,0.26765589782118404,0.5272821430252872,5.33,0.0,3.8225806451612905,-0.168,307734.3548387097,0.003,27768275.934065934,0.021,-64048.066666666666,0.16199999999999998
2023-10-16,216.01,213.53,1.1614293073572757,0.7979468035464121,1.82906708150663,5.33,0.0,3.803225806451613,-0.169,307763.1935483871,0.003,27768275.934065934,0.021,-64048.066666666666,0.16199999999999998
2023-10-17,216.29,216.01,0.1296236285357244,0.30607985901776047,3.4632862951446963,5.33,0.0,3.796774193548387,-0.16999999999999998,307772.8064516129,0.003,27768275.934065934,0.021,-64048.066666666666,0.16199999999999998
2023-10-18,213.09,216.29,-1.4794951222895092,-1.5659645232815933,1.201557750759874,5.33,0.0,3.7903225806451615,-0.16999999999999998,307782.4193548387,0.003,27768275.934065934,0.021,-64048.066666666666,0.16199999999999998
2023-10-19,211.08,213.09,-0.9432634098268333,-1.7043867001955815,0.299358517462589,5.33,0.0,3.7838709677419358,-0.16999999999999998,307792.03225806454,0.003,27768275.934065934,0.021,-64048.066666666666,0.16199999999999998
2023-10-20,208.47,211.08,-1.2364980102330891,-2.3696904416241282,-2.1083771600300616,5.33,0.0,3.7774193548387096,-0.17099999999999999,307801.6451612903,0.003,27768275.934065934,0.021,-64048.066666666666,0.16199999999999998
2023-10-23,207.9,208.47,-0.2734206360627378,-3.7544558122309057,-2.9864675688287434,5.33,0.0,3.7580645161290325,-0.17099999999999999,307830.48387096776,0.003,27768275.934065934,0.021,-64048.066666666666,0.16199999999999998
2023-10-24,209.47,207.9,0.7551707551707532,-3.153173979379531,-2.856745350832446,5.33,0.0,3.7516129032258068,-0.172,307840.0967741936,0.003,27768275.934065934,0.021,-64048.066666666666,0.16199999999999998
2023-10-25,206.36,209.47,-1.4846994796390844,-3.158289924445068,-4.674796747967469,5.33,0.0,3.7451612903225806,-0.172,307849.70967741933,0.003,27768275.934065934,0.021,-64048.066666666666,0.16199999999999998
2023-10-26,204.22,206.36,-1.037022678813726,-3.2499526245973187,-4.898947564496603,5.33,0.0,3.738709677419355,-0.172,307859.32258064515,0.003,27768275.934065934,0.021,-64048.066666666666,0.16199999999999998
2023-10-27,203.12,204.22,-0.5386348056018009,-2.5663164963783736,-4.875193181285997,5.33,0.0,3.732258064516129,-0.173,307868.93548387097,0.003,27768275.934065934,0.021,-64048.066666666666,0.16199999999999998
2023-10-30,205.46,203.12,1.1520283576211154,-1.1736411736411712,-4.884033146613575,5.33,0.0,3.7129032258064516,-0.173,307897.77419354836,0.003,27768275.934065934,0.021,-64048.066666666666,0.16199999999999998
2023-10-31,206.79,205.46,0.6473279470456506,-1.2794194872774223,-4.39225114429701,5.33,0.0,3.706451612903226,-0.174,307907.3870967742,0.003,27768275.934065934,0.021,-64048.066666666666,0.16199999999999998
2023-11-01,208.86,206.79,1.0010155229943418,1.2114750920721118,-1.9850767281430315,5.33,0.0,3.7,-0.174,307917.0,0.003,27768275.934065934,0.021,-64048.066666666666,0.16199999999999998
2023-11-02,213.01,208.86,1.986976922340311,4.304181764763482,0.9143452719347911,5.33,0.0,3.7,-0.174,307917.0,0.003,27768275.934065934,0.021,-64048.066666666666,0.16199999999999998
2023-11-03,215.41,213.01,1.1267076663067588,6.0506104765655655,3.329016165395493,5.33,0.0,3.7,-0.174,307917.0,0.003,27768275.934065934,0.021,-64048.066666666666,0.16199999999999998
2023-11-06,215.5,215.41,0.04178079012115976,4.886595931081472,3.6556036556036453,5.33,0.0,3.7,-0.174,307917.0,0.003,27768275.934065934,0.021,-64048.066666666666,0.16199999999999998
2023-11-07,216.14,215.5,0.2969837587006863,4.521495236713569,3.1842268582613187,5.33,0.0,3.7,-0.174,307917.0,0.003,27768275.934065934,0.021,-64048.066666666666,0.16199999999999998
2023-11-08,216.11,216.14,-0.013879892662149729,3.4712247438475563,4.724752859081227,5.33,0.0,3.7,-0.174,307917.0,0.003,27768275.934065934,0.021,-64048.066666666666,0.16199999999999998
2023-11-09,214.27,216.11,-0.8514182592198383,0.5915215248110561,4.9211634511800995,5.33,0.0,3.7,-0.174,307917.0,0.003,27768275.934065934,0.021,-64048.066666666666,0.16199999999999998
2023-11-10,217.46,214.27,1.4887758435618625,0.9516735527598685,7.059866089011413,5.33,0.0,3.7,-0.174,307917.0,0.003,27768275.934065934,0.021,-64048.066666666666,0.16199999999999998
2023-11-13,217.33,217.46,-0.05978110916949886,0.8491879350348119,5.7772802491969255,5.33,0.0,3.7,-0.174,307917.0,0.003,27768275.934065934,0.021,-64048.066666666666,0.16199999999999998
2023-11-14,222.15,217.33,2.217825426770337,2.7806051633200823,7.427825330044979,5.33,0.0,3.7,-0.174,307917.0,0.003,27768275.934065934,0.021,-64048.066666666666,0.16199999999999998
2023-11-15,222.7,222.15,0.2475804636506762,3.0493730044884426,6.6264483385999995,5.33,0.0,3.7,-0.174,307917.0,0.003,27768275.934065934,0.021,-64048.066666666666,0.16199999999999998
2023-11-16,222.55,222.7,-0.06735518634933824,3.8642833807812638,4.478662973569336,5.33,0.0,3.7,-0.174,307917.0,0.003,27768275.934065934,0.021,-64048.066666666666,0.16199999999999998
2023-11-17,223.11,222.55,0.2516288474500028,2.5981789754437656,3.574578710366283,5.33,0.0,3.7,-0.174,307917.0,0.003,27768275.934065934,0.021,-64048.066666666666,0.16199999999999998
2023-11-20,224.79,223.11,0.7529917977679101,3.4325679841715306,4.310904872389787,5.33,0.0,3.7,-0.174,307917.0,0.003,27768275.934065934,0.021,-64048.066666666666,0.16199999999999998
2023-11-21,224.18,224.79,-0.27136438453667644,0.9137969840198101,3.7198112334598132,5.33,0.0,3.7,-0.174,307917.0,0.003,27768275.934065934,0.021,-64048.066666666666,0.16199999999999998
2023-11-22,225.14,224.18,0.4282273173342732,1.0956443646160663,4.178427652584316,5.33,0.0,3.7,-0.174,307917.0,0.003,27768275.934065934,0.021,-64048.066666666666,0.16199999999999998
2023-11-24,225.38,225.14,0.10660033756773046,1.2716243540777272,5.185046903439572,5.33,0.0,3.7,-0.174,307917.0,0.003,27768275.934065934,0.021,-64048.066666666666,0.16199999999999998
2023-11-27,225.09,225.38,-0.12867157689235853,0.8874546187978893,3.508691253563878,5.33,0.0,3.7,-0.174,307917.0,0.003,27768275.934065934,0.021,-64048.066666666666,0.16199999999999998
2023-11-28,225.23,225.09,0.06219734328489768,0.19573824458383182,3.6350250770717185,5.33,0.0,3.7,-0.174,307917.0,0.003,27768275.934065934,0.021,-64048.066666666666,0.16199999999999998
2023-11-29,225.33,225.23,0.044399058739963415,0.5129806405566928,1.431465226198525,5.33,0.0,3.7,-0.174,307917.0,0.003,27768275.934065934,0.021,-64048.066666666666,0.16199999999999998
2023-11-30,226.26,225.33,0.4127279989348809,0.49746824198277917,1.598563089357885,5.33,0.0,3.7,-0.174,307917.0,0.003,27768275.934065934,0.021,-64048.066666666666,0.16199999999999998
2023-12-01,228.17,226.26,0.844161584018388,1.2379093087230508,2.5252752190518812,5.33,0.0,3.7,-0.174,307917.0,0.003,27768275.934065934,0.021,-64048.066666666666,0.16199999999999998
2023-12-04,227.35,228.17,-0.35938116316781565,1.0040428273135227,1.9004078705571192,5.33,0.0,3.7,-0.174,307917.0,0.003,27768275.934065934,0.021,-64048.066666666666,0.16199999999999998
2023-12-05,226.91,227.35,-0.19353419837254693,0.7459041868312477,0.9431024511766584,5.33,0.0,3.7,-0.174,307917.0,0.003,27768275.934065934,0.021,-64048.066666666666,0.16199999999999998
2023-12-06,225.95,226.91,-0.423075228063996,0.2751519992899132,0.7895441163350725,5.33,0.0,3.7,-0.174,307917.0,0.003,27768275.934065934,0.021,-64048.066666666666,0.16199999999999998
2023-12-07,227.76,225.95,0.8010621818986596,0.6629541235746439,1.1637203517811168,5.33,0.0,3.7,-0.174,307917.0,0.003,27768275.934065934,0.021,-64048.066666666666,0.16199999999999998
2023-12-08,228.85,227.76,0.4785739374780551,0.2980234036025875,1.5396219717809911,5.33,0.0,3.7,-0.174,307917.0,0.003,27768275.934065934,0.021,-64048.066666666666,0.16199999999999998
2023-12-11,229.79,228.85,0.41074939916976305,1.0732351000659834,2.0880536674219075,5.33,0.0,3.7,-0.174,307917.0,0.003,27768275.934065934,0.021,-64048.066666666666,0.16199999999999998
2023-12-12,230.66,229.79,0.3786065538100125,1.6526376096249518,2.410868889579554,5.33,0.0,3.7,-0.174,307917.0,0.003,27768275.934065934,0.021,-64048.066666666666,0.16199999999999998
2023-12-13,234.24,230.66,1.55206797884333,3.6689533082540526,3.954200505924632,5.33,0.0,3.7,-0.174,307917.0,0.003,27768275.934065934,0.021,-64048.066666666666,0.16199999999999998
2023-12-14,235.63,234.24,0.5934084699453557,3.4553916403231577,4.14125342526297,5.33,0.0,3.7,-0.174,307917.0,0.003,27768275.934065934,0.021,-64048.066666666666,0.16199999999999998
2023-12-15,235.31,235.63,-0.13580613673980224,2.822809700677298,3.129245737827069,5.33,0.0,3.7,-0.174,307917.0,0.003,27768275.934065934,0.021,-64048.066666666666,0.16199999999999998
2023-12-18,236.33,235.31,0.4334707407249949,2.846076852778623,3.949857048603489,5.33,0.0,3.7,-0.174,307917.0,0.003,27768275.934065934,0.021,-64048.066666666666,0.16199999999999998
2023-12-19,238.06,236.33,0.7320272500317415,3.208185207664971,4.9138424926182145,5.33,0.0,3.7,-0.174,307917.0,0.003,27768275.934065934,0.021,-64048.066666666666,0.16199999999999998
2023-12-20,234.51,238.06,-1.491220700663698,0.11526639344261458,3.788448771852182,5.33,0.0,3.7,-0.174,307917.0,0.003,27768275.934065934,0.021,-64048.066666666666,0.16199999999999998
2023-12-21,236.09,234.51,0.6737452560658497,0.19522132156346572,3.6573586231120503,5.33,0.0,3.7,-0.174,307917.0,0.003,27768275.934065934,0.021,-64048.066666666666,0.16199999999999998
2023-12-22,236.63,236.09,0.22872633317803093,0.5609621350558758,3.3996067292986654,5.33,0.0,3.7,-0.174,307917.0,0.003,27768275.934065934,0.021,-64048.066666666666,0.16199999999999998
2023-12-26,237.8,236.63,0.49444280099735227,0.6220115939576054,3.48579137473346,5.33,0.0,3.7,-0.174,307917.0,0.003,27768275.934065934,0.021,-64048.066666666666,0.16199999999999998
2023-12-27,238.25,237.8,0.18923465096718495,0.07981181214820054,3.290557530564464,5.33,0.0,3.7,-0.174,307917.0,0.003,27768275.934065934,0.021,-64048.066666666666,0.16199999999999998
2023-12-28,238.13,238.25,-0.05036726128017088,1.5436441942774382,1.6606898907103762,5.33,0.0,3.7,-0.174,307917.0,0.003,27768275.934065934,0.021,-64048.066666666666,0.16199999999999998
2023-12-29,237.22,238.13,-0.3821442069457892,0.47863103053920053,0.6747867419258924,5.33,0.0,3.7,-0.174,307917.0,0.003,27768275.934065934,0.021,-64048.066666666666,0.16199999999999998
